{"cameraMode":{"drawMode":0,"name":"Shaded","section":"Shading Mode"},"sceneLighting":true,"audioPlay":false,"sceneViewState":{"m_AlwaysRefresh":false,"showFog":true,"showSkybox":true,"showFlares":true,"showImageEffects":true,"showParticleSystems":true,"showVisualEffectGraphs":true,"m_FxEnabled":true},"in2DMode":false,"pivot":{"x":3.5893030166625978,"y":3.6519432067871095,"z":-161.02000427246095},"rotation":{"x":-0.025498902425169946,"y":-0.5401455760002136,"z":0.01637585647404194,"w":-0.8410295248031616},"size":5.055410385131836,"orthographic":false}